<config>
 <anc anchName="基站0" x="0.00" y="0.00" ID="0" z="3.00" Show="1"/>
 <anc anchName="基站1" x="5.00" y="0.00" ID="1" z="3.00" Show="1"/>
 <anc anchName="基站2" x="5.00" y="5.00" ID="2" z="3.00" Show="1"/>
 <anc anchName="基站3" x="0.00" y="5.00" ID="3" z="3.00" Show="1"/>
 <anc anchName="基站4" x="0.00" y="0.00" ID="4" z="0.00" Show="0"/>
 <anc anchName="基站5" x="0.00" y="0.00" ID="5" z="0.00" Show="0"/>
 <anc anchName="基站6" x="0.00" y="0.00" ID="6" z="0.00" Show="0"/>
 <anc anchName="基站7" x="0.00" y="0.00" ID="7" z="0.00" Show="0"/>
 <anc anchName="基站8" x="0.00" y="0.00" ID="8" z="0.00" Show="0"/>
 <anc anchName="基站9" x="0.00" y="0.00" ID="9" z="0.00" Show="0"/>
 <anc anchName="基站10" x="0.00" y="0.00" ID="10" z="0.00" Show="0"/>
 <anc anchName="基站11" x="0.00" y="0.00" ID="11" z="0.00" Show="0"/>
 <anc anchName="基站12" x="0.00" y="0.00" ID="12" z="0.00" Show="0"/>
 <anc anchName="基站13" x="0.00" y="0.00" ID="13" z="0.00" Show="0"/>
 <anc anchName="基站14" x="0.00" y="0.00" ID="14" z="0.00" Show="0"/>
 <anc anchName="基站15" x="0.00" y="0.00" ID="15" z="0.00" Show="0"/>
</config>
