<config>
 <third_connect Auto="0" Server_Port="8888" Server_IP="127.0.0.1"/>
 <anc_connect Auto="0" Server_Port="8080" Server_IP="127.0.0.1"/>
 <map Map_YOffset="0" Map_XScale="1.00" Map_XTurn="0" Map_YScale="1.00" Map_XOffset="0" Map_YTurn="0" Map_path=""/>
 <grid Grid_W="1.00" Grid_H="1.00" Grid_Show="1"/>
 <Coordinate Coord_X="0.00" Coord_Y="0.00" Coord_Show="1" Coord_H="10.00" Coord_W="20.00"/>
 <origin Origin_Show="1"/>
 <track TrackNum="10" TrackShow="1"/>
 <show Show_TagName="1" Show_AncDist="1" Show_AncIcon="1" Show_AncName="1"/>
 <arithmetic kalmanAlpha="0.02000000" ParaB="0.0000" kalmanDt="0.02000000" SysnTag="0" kalmanRy="0.00100000" kalmanQz="0.00100000" ParaA="1.0000" KalmanEnable="1" Dimen="0" kalmanQx="0.00100000" kalmanQy="0.00100000" Sigma="10" kalmanRz="0.00100000" Method="1" kalmanRx="0.00100000"/>
 <scatter Show_shadow="0" X_min="0.00" TrackNum="100" Scale="120" Enable="0" VerAngle="0" Show_axisAnc="1" Z_min="0.00" HorAngle="5" Dotsize="0.10" Theme="1" Show_axisName="1" Y_min="0.00" Y_max="5.00" Z_max="5.00" X_max="5.00"/>
</config>
